Название,Цена,Ссылка
Люстра Ливсден Brown,18 690,https://www.divan.ru/product/lyustra-livsden-brown
Подвесной светильник Ливсден Brown,4390,https://www.divan.ru/product/podvesnoj-svetilnik-livsden-brown
Настольная лампа Ливсден Brown,7690,https://www.divan.ru/product/nastolnaya-lampa-livsden-brown
Торшер Ливсден Brown,12 090,https://www.divan.ru/product/torsher-livsden-brown
Бра Флиммер Black,1860,https://www.divan.ru/product/bra-flimmer-black
Люстра Флиммер Black,7690,https://www.divan.ru/product/lyustra-flimmer-black
Подвесной светильник Флиммер Black,2080,https://www.divan.ru/product/podvesnoj-svetilnik-flimmer-black
Настольная лампа Флиммер Black,3290,https://www.divan.ru/product/nastolnaya-lampa-flimmer-black
Торшер Флиммер Black,5050,https://www.divan.ru/product/torsher-flimmer-black
Торшер Нидлс Khaki,16 490,https://www.divan.ru/product/torsher-nidls-khaki
Настольная лампа Нидлс Raffia Beige,4060,https://www.divan.ru/product/nastolnaya-lampa-nidls-raffia-beige
Люстра Гейза Black,10 990,https://www.divan.ru/product/lyustra-gejza-black
Настольная лампа Гейза Black,4390,https://www.divan.ru/product/nastolnaya-lampa-gejza-black
Настольная лампа Гейза Pink,4390,https://www.divan.ru/product/nastolnaya-lampa-gejza-pink
Настольная лампа Гейза Blue,4390,https://www.divan.ru/product/nastolnaya-lampa-gejza-blue
Настольная лампа Гейза Orange,4390,https://www.divan.ru/product/nastolnaya-lampa-gejza-orange
Настольная лампа Алней Black,4390,https://www.divan.ru/product/nastolnaya-lampa-alnej-black
Настольная лампа Алней Beige,4390,https://www.divan.ru/product/nastolnaya-lampa-alnej-beige
Настольная лампа Алней Green,4390,https://www.divan.ru/product/nastolnaya-lampa-alnej-green
Настольная лампа Алней Orange,3950,https://www.divan.ru/product/nastolnaya-lampa-alnej-orange
Торшер Алней Green,7690,https://www.divan.ru/product/torsher-alnej-green
Торшер Алней Black,7690,https://www.divan.ru/product/torsher-alnej-black
Торшер Алней Orange,7690,https://www.divan.ru/product/torsher-alnej-orange
Торшер Алней Beige,7690,https://www.divan.ru/product/torsher-alnej-beige
Настольная лампа Арбет Orange,2630,https://www.divan.ru/product/nastolnaya-lampa-arbet-orange
Настольная лампа Арбет Silver,3290,https://www.divan.ru/product/nastolnaya-lampa-arbet-silver
Настольная лампа Арбет Beige,2630,https://www.divan.ru/product/nastolnaya-lampa-arbet-beige
Настольная лампа Арбет White,2630,https://www.divan.ru/product/nastolnaya-lampa-arbet-white
Настольная лампа Арбет Black,2190,https://www.divan.ru/product/nastolnaya-lampa-arbet-black
Настольная лампа Синдри Grey,4390,https://www.divan.ru/product/nastolnaya-lampa-sindri-grey
Люстра Синдри Black,15 390,https://www.divan.ru/product/lyustra-sindri-black
Настольная лампа Манэт White,2520,https://www.divan.ru/product/nastolnaya-lampa-manet-white
Настольная лампа Леррет Beige,3950,https://www.divan.ru/product/nastolnaya-lampa-lerret-beige
Настольная лампа Леррет White,2520,https://www.divan.ru/product/nastolnaya-lampa-lerret-white
Настольная лампа Истад Black,1530,https://www.divan.ru/product/nastolnaya-lampa-istad-black
Настольная лампа Истад White,1860,https://www.divan.ru/product/nastolnaya-lampa-istad-white
Люстра Боллар White,25 290,https://www.divan.ru/product/lyustra-bollar-white
Настольная лампа Рибе Black,2080,https://www.divan.ru/product/nastolnaya-lampa-ribe-black
Настольная лампа Рибе Orange,2080,https://www.divan.ru/product/nastolnaya-lampa-ribe-orange
Настольная лампа Снибальд White,870,https://www.divan.ru/product/nastolnaya-lampa-snibald-white
Настольная лампа Спайк Pink,1090,https://www.divan.ru/product/nastolnaya-lampa-spajk-pink
Настольная лампа Спайк White,1530,https://www.divan.ru/product/nastolnaya-lampa-spajk-white
Настольная лампа Астри Black,1420,https://www.divan.ru/product/nastolnaya-lampa-astri-black
Настольная лампа Астри Beige,1530,https://www.divan.ru/product/nastolnaya-lampa-astri-beige
Подвесной светильник Клауд White,10 990,https://www.divan.ru/product/podvesnoj-svetilnik-klaud-white
Торшер Клауд White,20 120,https://www.divan.ru/product/torsher-klaud-white
Настольная лампа Клауд White,15 390,https://www.divan.ru/product/nastolnaya-lampa-klaud-white
Настольная лампа Машрум Olive,3840,https://www.divan.ru/product/nastolnaya-lampa-mashrum-olive
